Source;Target
1;460
4;71
4;113
4;115
4;301
6;7
6;19
6;95
6;96
6;508
7;6
7;11
8;21
8;113
9;6
9;7
11;10
11;18
11;120
11;508
13;10
13;18
14;18
14;92
14;407
15;26
15;36
15;51
15;56
15;62
15;66
15;95
15;96
16;6
17;15
20;143
20;151
20;277
20;283
20;312
20;363
20;422
20;425
21;7
21;8
23;4
26;28
26;29
26;80
27;28
27;29
28;27
28;77
28;484
29;28
30;28
30;29
31;27
31;28
34;105
35;33
36;56
36;66
36;153
36;155
36;243
36;244
36;258
36;379
38;48
40;36
41;36
42;36
44;36
45;36
46;36
47;36
48;36
49;6
49;92
49;99
49;113
50;36
51;52
52;77
52;78
52;484
53;52
54;52
54;92
55;52
56;60
56;66
57;56
58;56
59;56
60;36
60;56
61;56
61;79
62;63
63;77
63;78
65;60
66;70
67;66
68;66
69;66
70;36
70;66
71;66
71;79
75;45
75;59
75;69
76;42
76;45
76;57
76;59
76;67
76;69
78;27
78;77
78;92
78;104
78;128
80;28
80;29
83;52
83;63
84;1
84;7
84;81
84;92
84;104
84;113
84;128
84;500
85;7
85;81
85;92
85;104
85;128
85;500
86;84
87;7
87;81
87;92
87;104
87;128
87;500
88;84
89;16
90;36
90;89
91;35
91;79
91;89
92;379
93;6
94;92
95;4
95;92
95;97
95;456
96;28
96;92
96;97
96;456
97;4
97;456
98;92
98;95
98;96
99;4
99;6
99;15
99;24
99;92
100;99
101;15
101;124
102;103
104;4
104;102
106;299
107;92
107;143
107;464
108;36
108;62
108;92
108;151
109;112
109;147
109;259
110;36
110;62
110;111
110;159
110;178
111;223
113;12
113;178
114;136
114;464
115;119
115;120
115;150
115;464
116;119
116;120
116;464
117;119
117;120
117;121
119;114
119;120
119;121
120;131
120;136
121;162
122;136
123;112
123;456
124;101
124;125
124;126
125;124
125;208
125;229
126;124
126;208
126;229
127;125
127;126
127;178
128;4
128;16
128;51
129;52
129;115
129;116
129;136
129;201
129;208
129;229
131;136
132;136
132;464
133;48
133;89
133;128
134;4
134;112
134;201
135;2
135;18
136;15
137;114
139;129
142;4
142;464
144;99
144;143
147;115
147;116
147;117
147;118
147;119
147;166
147;456
148;147
148;150
148;154
149;148
149;150
149;151
150;12
150;113
150;114
150;119
150;147
150;215
151;143
151;147
151;152
151;153
151;155
151;157
151;158
151;161
151;166
152;132
152;147
152;150
152;155
153;154
153;161
153;181
153;184
153;456
154;147
154;153
154;181
154;184
155;48
155;153
155;162
155;165
155;178
157;153
158;147
158;151
158;152
158;153
158;181
159;158
159;166
160;143
160;161
160;201
161;129
161;143
161;153
162;4
162;143
162;153
162;383
162;384
162;456
163;164
163;201
164;101
164;138
164;153
164;154
164;183
165;155
166;24
166;151
166;201
166;213
166;220
166;223
170;153
172;143
172;153
172;155
172;170
173;155
176;155
176;161
176;299
177;153
178;127
179;178
179;180
179;181
179;182
180;143
180;155
180;174
180;178
180;181
183;201
183;216
190;179
194;201
194;202
195;196
196;197
196;198
196;223
196;299
197;4
197;115
197;116
197;117
197;118
197;124
197;132
197;198
197;210
197;211
197;224
197;230
197;299
197;400
197;416
197;428
198;197
198;223
199;124
201;116
201;117
201;119
202;153
205;206
206;207
207;129
210;209
211;208
211;210
212;232
213;134
213;166
213;214
214;116
214;117
214;118
214;213
214;215
215;213
215;214
216;116
216;213
216;233
217;147
217;153
217;213
217;215
217;216
218;194
220;113
220;223
220;224
220;225
220;226
221;113
221;220
221;285
221;292
221;294
222;111
222;114
222;115
222;116
222;117
222;118
222;148
222;150
222;207
222;227
223;111
223;166
223;220
223;224
223;225
223;226
223;227
224;197
224;285
226;224
226;225
227;197
227;221
227;224
227;225
227;226
228;111
228;113
228;223
229;208
230;119
230;125
230;126
230;166
230;199
231;200
231;223
231;233
232;197
232;212
233;224
233;225
233;226
235;111
235;113
235;114
235;233
236;166
236;233
237;162
239;223
239;233
239;234
239;235
239;236
239;238
241;204
241;216
241;240
242;261
242;262
243;36
244;36
244;247
244;249
245;36
245;92
245;246
245;249
245;250
245;407
246;110
246;268
247;136
247;201
248;16
248;245
249;244
249;247
249;250
250;92
250;249
251;252
251;253
251;254
251;255
252;128
254;255
256;32
258;36
258;252
258;257
259;253
259;261
259;262
260;92
261;247
261;264
262;16
262;247
262;261
262;264
263;255
264;235
264;262
265;256
266;36
266;110
266;159
266;247
266;260
266;264
273;33
273;94
273;143
273;153
273;183
273;233
273;234
273;235
273;236
273;282
273;283
273;291
273;299
274;361
276;197
276;198
278;280
280;276
281;336
282;336
283;273
283;282
284;197
284;198
284;283
284;291
284;299
285;284
286;287
288;286
288;287
288;293
289;283
289;286
291;273
292;284
292;291
293;284
293;287
293;288
294;283
294;285
295;296
295;297
295;298
297;295
297;296
298;274
298;275
299;204
299;222
300;301
301;306
301;307
301;309
301;310
301;456
302;304
302;456
303;301
303;305
303;456
304;301
304;305
304;456
305;306
305;456
306;92
306;107
306;456
307;308
307;309
307;456
308;92
308;456
309;92
309;308
309;456
310;456
311;301
311;306
311;309
311;310
311;456
312;319
312;320
312;321
312;322
314;320
314;321
314;322
315;316
317;123
317;318
318;317
320;312
321;312
322;306
322;312
322;313
324;322
327;328
327;329
327;330
327;336
328;336
331;328
331;329
331;330
331;339
332;338
336;129
336;327
337;243
337;244
337;262
337;327
337;338
337;407
340;339
341;327
347;336
347;346
348;350
348;352
348;353
348;367
349;350
350;132
350;348
351;352
352;92
353;132
353;352
354;352
355;356
355;357
355;358
355;359
355;360
355;361
357;358
357;360
358;359
361;359
363;365
364;337
364;338
364;350
364;365
364;366
364;377
365;364
366;365
367;353
371;332
371;337
371;377
372;365
372;367
372;368
372;369
372;370
372;373
372;374
372;375
372;376
373;336
377;338
377;367
377;368
377;369
377;370
379;36
379;161
380;378
380;379
382;115
383;283
383;285
383;292
383;363
383;364
383;365
383;367
383;384
383;386
384;128
384;162
384;223
384;383
384;386
385;275
385;382
385;384
386;383
386;384
388;95
388;96
390;36
390;56
390;66
390;112
390;283
390;299
390;345
390;378
390;379
390;380
394;395
395;396
395;397
395;398
395;399
395;400
395;401
395;402
395;458
395;464
396;7
396;9
396;395
397;299
397;395
398;395
398;397
399;199
399;390
399;400
399;401
399;402
399;403
400;113
400;129
400;395
400;456
401;395
401;403
402;124
402;125
402;126
402;208
402;229
402;394
402;395
403;92
405;397
405;409
406;405
407;245
407;337
407;405
407;406
407;409
408;245
409;405
410;405
410;406
410;407
410;408
410;409
411;153
412;414
412;415
412;460
413;415
413;510
414;412
414;413
415;416
415;460
416;10
416;113
416;129
416;132
416;418
416;460
416;509
417;416
418;132
418;416
419;412
419;416
419;417
420;421
420;422
420;423
420;424
420;429
420;460
422;20
422;113
422;192
422;400
422;416
422;418
422;425
422;460
423;416
423;422
424;416
424;418
424;420
424;425
425;10
425;20
425;113
425;129
425;162
425;192
425;416
425;422
425;423
425;424
425;460
426;421
426;422
426;424
426;460
427;129
427;192
427;415
427;416
427;421
427;422
428;122
428;129
428;153
428;416
428;427
429;43
429;47
429;48
429;92
429;111
429;206
429;220
429;222
429;274
429;275
429;295
429;299
429;456
430;429
430;511
431;432
432;350
432;435
432;437
433;437
433;438
436;7
436;9
437;32
437;33
437;34
437;35
437;36
437;56
437;66
437;79
438;92
438;112
438;147
438;153
438;154
438;155
441;131
444;112
445;92
446;312
449;248
449;337
449;338
451;429
451;499
452;147
452;154
453;155
454;321
454;322
454;323
454;324
455;104
455;105
455;353
455;364
456;4
456;5
456;112
456;142
456;153
456;192
456;242
456;272
456;300
456;301
456;302
456;303
456;304
456;305
456;306
456;307
456;308
456;309
456;310
456;311
456;381
456;382
456;383
456;384
456;385
456;386
456;400
456;411
456;429
456;430
456;451
456;462
456;482
457;111
457;112
457;113
457;114
457;115
457;116
457;117
457;118
457;119
457;120
457;121
457;122
457;123
457;124
457;125
457;126
457;127
457;128
457;129
457;130
457;131
457;132
457;133
457;134
457;143
457;144
457;145
457;146
457;147
457;148
457;149
457;150
457;151
457;152
457;153
457;154
457;155
457;156
457;157
457;158
457;159
457;160
457;161
457;162
457;163
457;164
457;165
457;166
457;167
457;168
457;169
457;170
457;171
457;172
457;173
457;174
457;175
457;176
457;177
457;178
457;179
457;180
457;181
457;182
457;183
457;184
457;185
457;186
457;187
457;188
457;189
457;190
457;191
457;193
457;194
457;195
457;196
457;197
457;198
457;199
457;200
457;201
457;202
457;203
457;204
457;205
457;206
457;207
457;208
457;209
457;210
457;211
457;212
457;213
457;214
457;215
457;216
457;217
457;218
457;219
457;220
457;221
457;222
457;223
457;224
457;225
457;226
457;227
457;228
457;229
457;230
457;231
457;232
457;233
457;234
457;235
457;236
457;237
457;238
457;239
457;240
457;241
457;243
457;244
457;245
457;246
457;247
457;248
457;249
457;250
457;251
457;252
457;253
457;254
457;255
457;256
457;257
457;258
457;259
457;260
457;261
457;262
457;263
457;264
457;265
457;266
457;272
457;273
457;274
457;275
457;276
457;278
457;279
457;280
457;281
457;282
457;283
457;284
457;285
457;286
457;287
457;288
457;289
457;290
457;291
457;292
457;293
457;294
457;295
457;296
457;297
457;298
457;299
457;300
457;301
457;302
457;303
457;304
457;305
457;306
457;307
457;308
457;309
457;310
457;311
457;315
457;316
457;317
457;318
457;319
457;320
457;321
457;322
457;323
457;324
457;325
457;326
457;327
457;328
457;329
457;330
457;331
457;332
457;333
457;334
457;335
457;336
457;337
457;338
457;339
457;340
457;341
457;342
457;343
457;344
457;345
457;346
457;347
457;348
457;349
457;350
457;351
457;352
457;353
457;354
457;355
457;356
457;357
457;358
457;359
457;360
457;361
457;362
457;363
457;364
457;365
457;366
457;367
457;368
457;369
457;370
457;371
457;372
457;373
457;374
457;375
457;376
457;377
457;378
457;379
457;383
457;384
457;386
457;462
458;92
458;124
458;164
458;392
458;395
458;396
458;397
458;398
458;399
458;400
458;401
458;402
458;403
458;431
458;432
458;433
458;434
458;435
458;436
458;437
458;438
458;439
458;440
458;441
458;442
458;443
458;444
458;445
458;446
458;447
458;448
458;449
458;450
458;451
458;452
458;453
458;454
458;455
459;92
459;392
459;395
459;396
459;397
459;398
459;399
459;400
459;401
459;402
459;403
459;462
460;412
460;462
460;509
461;412
461;460
461;462
461;509
462;456
462;457
462;458
462;459
462;460
465;92
466;24
467;33
467;35
468;33
468;35
468;467
468;478
469;36
469;470
469;472
469;478
470;32
470;33
470;34
470;35
470;36
470;48
471;49
472;33
472;36
472;468
472;469
473;481
474;56
474;475
474;478
475;56
475;474
476;66
476;477
477;66
477;476
478;36
478;48
478;56
478;66
478;468
478;469
478;474
478;476
479;81
480;84
480;85
480;87
481;32
481;33
481;34
481;35
481;36
481;49
481;56
481;66
482;382
483;26
483;27
483;28
483;29
483;51
483;52
483;62
483;63
483;107
483;484
484;26
484;27
484;28
484;29
484;51
484;52
484;62
484;63
484;64
484;483
484;485
484;486
485;28
485;483
485;489
486;484
486;490
487;51
487;52
487;62
487;63
487;484
487;486
488;484
488;486
489;51
489;52
489;484
490;62
490;63
490;484
491;489
491;490
492;437
492;465
492;467
492;468
492;469
492;470
492;474
492;476
492;479
492;481
492;484
493;129
493;387
493;388
493;389
493;390
493;391
493;392
493;394
493;395
493;396
493;397
493;398
493;399
493;400
493;401
493;402
493;403
493;507
494;4
495;114
496;129
497;308
499;429
499;430
499;451
500;92
502;33
503;129
503;336
503;462
503;496
504;31
506;178
507;400
508;4
508;113
509;92
509;411
509;415
509;416
509;417
509;422
509;424
509;425
510;415
510;427
510;428
511;87
511;429
511;451
511;458
514;275
519;36
520;11
520;14
520;25
520;50
520;89
520;223
520;224
520;274
520;280
520;285
520;292
520;301
520;308
520;497
521;8
521;21
521;413
521;451
